+12085551210,Name Imported 0,Company Imported 0,+12086661210
+12085551211,Name Imported 1,Company Imported 1,+12086661211
+12085551212,Name Imported 2,Company Imported 2,+12086661212
+12085551213,Name Imported 3,Company Imported 3,+12086661213
+12085551214,Name Imported 4,Company Imported 4,+12086661214
+12085551215,Name Imported 5,Company Imported 5,+12086661215
+12085551216,Name Imported 6,Company Imported 6,+12086661216
+12085551217,Name Imported 7,Company Imported 7,+12086661217
+12085551218,Name Imported 8,Company Imported 8,+12086661218
+12085551219,Name Imported 9,Company Imported 9,+12086661219
